{
    "default:camera1": {
        "tx": 8.194096788555926,
        "ty": 3.726597857232817,
        "tz": 8.195621268265704,
        "rx": 13.68088368269612,
        "ry": 48.25041120281286,
        "rz": 0.0,
        "focalLength": 35.0
    },
    "default:camera2": {
        "tx": 0.0,
        "ty": 4.141543443289037,
        "tz": 0.0,
        "rx": 0.0,
        "ry": 0.0,
        "rz": 0.0,
        "focalLength": 35.0
    }
}