{
    "default:camera1": {
        "tx": 8.500509930462172,
        "ty": 3.726597857232817,
        "tz": 6.328930266843388,
        "rx": 47.78746796071343,
        "ry": 59.75492576735788,
        "rz": 28.740793502729414,
        "focalLength": 35.0
    },
    "default:camera2": {
        "tx": 0.0,
        "ty": 4.141543443289037,
        "tz": 0.0,
        "rx": 0.0,
        "ry": 0.0,
        "rz": 0.0,
        "focalLength": 35.0
    }
}