{
    "default:camera1": {
        "tx": 4.634365735710796,
        "ty": 3.726597857232817,
        "tz": 8.780523967956142,
        "rx": 0.0,
        "ry": 37.26858996362347,
        "rz": 0.0,
        "focalLength": 35.0
    },
    "default:camera2": {
        "tx": 0.0,
        "ty": 4.141543443289037,
        "tz": 0.0,
        "rx": 0.0,
        "ry": 0.0,
        "rz": 0.0,
        "focalLength": 35.0
    }
}