{
    "default:camera1": {
        "tx": 8.75817552706515,
        "ty": 3.726597857232817,
        "tz": 4.759212833829166,
        "rx": 68.7569612097084,
        "ry": 69.42917665117984,
        "rz": 52.90918803911554,
        "focalLength": 35.0
    },
    "default:camera2": {
        "tx": 0.0,
        "ty": 4.141543443289037,
        "tz": 0.0,
        "rx": 0.0,
        "ry": 0.0,
        "rz": 0.0,
        "focalLength": 35.0
    }
}