{
    "default:camera1": {
        "tx": 9.064588668971396,
        "ty": 3.726597857232817,
        "tz": 2.892521832406848,
        "rx": 91.91883854156885,
        "ry": 80.93369121572488,
        "rz": 81.64998154184498,
        "focalLength": 35.0
    },
    "default:camera2": {
        "tx": 5.688655764730887,
        "ty": 4.141543443289037,
        "tz": -3.7812480369628565,
        "rx": 0.0,
        "ry": 109.86474776569648,
        "rz": 0.0,
        "focalLength": 35.0
    }
}