{
    "default:camera1": {
        "tx": 2.9204211547112875,
        "ty": 3.726597857232817,
        "tz": 9.062143786325613,
        "rx": 0.0,
        "ry": 31.98104640401389,
        "rz": 0.0,
        "focalLength": 35.0
    },
    "default:camera2": {
        "tx": 0.0,
        "ty": 4.141543443289037,
        "tz": 0.0,
        "rx": 0.0,
        "ry": 0.0,
        "rz": 0.0,
        "focalLength": 35.0
    }
}