{
    "default:camera1": {
        "tx": 8.21847056120756,
        "ty": 3.726597857232817,
        "tz": 8.047134484061656,
        "rx": 19.565385013072504,
        "ry": 49.1655430431744,
        "rz": 2.286199483171655,
        "focalLength": 35.0
    },
    "default:camera2": {
        "tx": 0.0,
        "ty": 4.141543443289037,
        "tz": 0.0,
        "rx": 0.0,
        "ry": 0.0,
        "rz": 0.0,
        "focalLength": 35.0
    }
}