{
    "default:camera1": {
        "tx": 8.876562422801655,
        "ty": 3.726597857232817,
        "tz": 4.037991310552363,
        "rx": 77.89242586541849,
        "ry": 73.87410273293587,
        "rz": 64.01358552880646,
        "focalLength": 35.0
    },
    "default:camera2": {
        "tx": 0.0,
        "ty": 4.141543443289037,
        "tz": 0.0,
        "rx": 0.0,
        "ry": 0.0,
        "rz": 0.0,
        "focalLength": 35.0
    }
}