{
    "default:camera1": {
        "tx": 1.074634682865664,
        "ty": 3.726597857232817,
        "tz": 9.365426667646583,
        "rx": 0.0,
        "ry": 26.28676872443435,
        "rz": 0.0,
        "focalLength": 35.0
    },
    "default:camera2": {
        "tx": 0.0,
        "ty": 4.141543443289037,
        "tz": 0.0,
        "rx": 0.0,
        "ry": 0.0,
        "rz": 0.0,
        "focalLength": 35.0
    }
}