{
    "default:camera1": {
        "tx": 8.382123034725668,
        "ty": 3.726597857232817,
        "tz": 7.050151790120191,
        "rx": 37.28391493673372,
        "ry": 55.30999968560186,
        "rz": 17.636396013038514,
        "focalLength": 35.0
    },
    "default:camera2": {
        "tx": 0.0,
        "ty": 4.141543443289037,
        "tz": 0.0,
        "rx": 0.0,
        "ry": 0.0,
        "rz": 0.0,
        "focalLength": 35.0
    }
}