{
    "default:camera1": {
        "tx": 9.040214896319762,
        "ty": 3.726597857232817,
        "tz": 3.041008616610897,
        "rx": 90.13860231600125,
        "ry": 80.01855937536335,
        "rz": 79.36378205867334,
        "focalLength": 35.0
    },
    "default:camera2": {
        "tx": 0.0,
        "ty": 4.141543443289037,
        "tz": 0.0,
        "rx": 0.0,
        "ry": 0.0,
        "rz": 0.0,
        "focalLength": 35.0
    }
}