{
    "default:camera1": {
        "tx": 8.62934272876366,
        "ty": 3.726597857232817,
        "tz": 5.544071550336276,
        "rx": 58.50022931325586,
        "ry": 64.59205120926886,
        "rz": 40.8249907709225,
        "focalLength": 35.0
    },
    "default:camera2": {
        "tx": 0.0,
        "ty": 4.141543443289037,
        "tz": 0.0,
        "rx": 0.0,
        "ry": 0.0,
        "rz": 0.0,
        "focalLength": 35.0
    }
}