{
    "default:camera1": {
        "tx": 1.602002246250128,
        "ty": 3.726597857232817,
        "tz": 9.278774415840592,
        "rx": 0.0,
        "ry": 27.913705204314223,
        "rz": 0.0,
        "focalLength": 35.0
    },
    "default:camera2": {
        "tx": 0.0,
        "ty": 4.141543443289037,
        "tz": 0.0,
        "rx": 0.0,
        "ry": 0.0,
        "rz": 0.0,
        "focalLength": 35.0
    }
}