{
    "default:camera1": {
        "tx": 8.974057513408187,
        "ty": 3.726597857232817,
        "tz": 3.4440441737361693,
        "rx": 85.24138549573364,
        "ry": 77.53463009438202,
        "rz": 73.15838346149312,
        "focalLength": 35.0
    },
    "default:camera2": {
        "tx": 0.0,
        "ty": 4.141543443289037,
        "tz": 0.0,
        "rx": 0.0,
        "ry": 0.0,
        "rz": 0.0,
        "focalLength": 35.0
    }
}