{
    "default:camera1": {
        "tx": 8.284627944119135,
        "ty": 3.726597857232817,
        "tz": 7.644098926936382,
        "rx": 27.65480802596923,
        "ry": 51.64947232415571,
        "rz": 8.491598080351883,
        "focalLength": 35.0
    },
    "default:camera2": {
        "tx": 0.0,
        "ty": 4.141543443289037,
        "tz": 0.0,
        "rx": 0.0,
        "ry": 0.0,
        "rz": 0.0,
        "focalLength": 35.0
    }
}