{
    "default:camera1": {
        "tx": 9.064588668971396,
        "ty": 3.726597857232817,
        "tz": 2.892521832406848,
        "rx": 91.91883854156885,
        "ry": 80.93369121572488,
        "rz": 81.64998154184498,
        "focalLength": 35.0
    },
    "default:camera2": {
        "tx": 5.097035565198872,
        "ty": 4.141543443289037,
        "tz": -2.911560867415237,
        "rx": 0.0,
        "ry": 84.99441218123069,
        "rz": 0.0,
        "focalLength": 35.0
    }
}