{
    "default:camera1": {
        "tx": 6.348310316710304,
        "ty": 3.726597857232817,
        "tz": 8.498904149586673,
        "rx": 0.0,
        "ry": 42.556133523233036,
        "rz": 0.0,
        "focalLength": 35.0
    },
    "default:camera2": {
        "tx": 0.0,
        "ty": 4.141543443289037,
        "tz": 0.0,
        "rx": 0.0,
        "ry": 0.0,
        "rz": 0.0,
        "focalLength": 35.0
    }
}