{
    "default:camera1": {
        "tx": 7.666729225171464,
        "ty": 3.726597857232817,
        "tz": 8.282273520071694,
        "rx": 0.0,
        "ry": 46.62347472293272,
        "rz": 0.0,
        "focalLength": 35.0
    },
    "default:camera2": {
        "tx": 0.0,
        "ty": 4.141543443289037,
        "tz": 0.0,
        "rx": 0.0,
        "ry": 0.0,
        "rz": 0.0,
        "focalLength": 35.0
    }
}