{
    "default:camera1": {
        "tx": 9.064588668971396,
        "ty": 3.726597857232817,
        "tz": 2.892521832406848,
        "rx": 91.91883854156885,
        "ry": 80.93369121572488,
        "rz": 81.64998154184498,
        "focalLength": 35.0
    },
    "default:camera2": {
        "tx": 2.00240682918527,
        "ty": 4.141543443289037,
        "tz": -0.9736712787333146,
        "rx": 0.0,
        "ry": 28.589089850900155,
        "rz": 0.0,
        "focalLength": 35.0
    }
}